0,91,Jayden,Bell,M,free
1,73,Jacob,Klein,M,paid
2,73,Jacob,Klein,M,paid
3,73,Jacob,Klein,M,paid
4,73,Jacob,Klein,M,paid
5,73,Jacob,Klein,M,paid
6,73,Jacob,Klein,M,paid
7,73,Jacob,Klein,M,paid
9,73,Jacob,Klein,M,paid
10,73,Jacob,Klein,M,paid
11,73,Jacob,Klein,M,paid
12,73,Jacob,Klein,M,paid
13,73,Jacob,Klein,M,paid
14,73,Jacob,Klein,M,paid
15,73,Jacob,Klein,M,paid
16,73,Jacob,Klein,M,paid
17,73,Jacob,Klein,M,paid
18,73,Jacob,Klein,M,paid
19,73,Jacob,Klein,M,paid
23,86,Aiden,Hess,M,free
24,86,Aiden,Hess,M,free
25,86,Aiden,Hess,M,free
26,86,Aiden,Hess,M,free
27,86,Aiden,Hess,M,free
30,24,Layla,Griffin,F,paid
31,24,Layla,Griffin,F,paid
33,24,Layla,Griffin,F,paid
35,24,Layla,Griffin,F,paid
36,24,Layla,Griffin,F,paid
38,24,Layla,Griffin,F,paid
39,24,Layla,Griffin,F,paid
40,26,Ryan,Smith,M,free
41,24,Layla,Griffin,F,paid
42,26,Ryan,Smith,M,free
43,24,Layla,Griffin,F,paid
44,26,Ryan,Smith,M,free
45,24,Layla,Griffin,F,paid
46,26,Ryan,Smith,M,free
48,24,Layla,Griffin,F,paid
50,24,Layla,Griffin,F,paid
51,26,Ryan,Smith,M,free
52,24,Layla,Griffin,F,paid
53,26,Ryan,Smith,M,free
54,24,Layla,Griffin,F,paid
55,26,Ryan,Smith,M,free
56,24,Layla,Griffin,F,paid
57,26,Ryan,Smith,M,free
58,26,Ryan,Smith,M,free
59,49,Chloe,Cuevas,F,paid
60,49,Chloe,Cuevas,F,paid
61,49,Chloe,Cuevas,F,paid
62,57,Katherine,Gay,F,free
63,49,Chloe,Cuevas,F,paid
64,49,Chloe,Cuevas,F,paid
65,49,Chloe,Cuevas,F,paid
66,49,Chloe,Cuevas,F,paid
69,30,Avery,Watkins,F,paid
70,49,Chloe,Cuevas,F,paid
71,30,Avery,Watkins,F,paid
72,49,Chloe,Cuevas,F,paid
73,30,Avery,Watkins,F,paid
74,49,Chloe,Cuevas,F,paid
75,30,Avery,Watkins,F,paid
76,49,Chloe,Cuevas,F,paid
77,30,Avery,Watkins,F,paid
79,92,Ryann,Smith,F,free
80,49,Chloe,Cuevas,F,paid
81,30,Avery,Watkins,F,paid
82,30,Avery,Watkins,F,paid
83,49,Chloe,Cuevas,F,paid
84,30,Avery,Watkins,F,paid
86,49,Chloe,Cuevas,F,paid
87,30,Avery,Watkins,F,paid
88,49,Chloe,Cuevas,F,paid
89,30,Avery,Watkins,F,paid
90,49,Chloe,Cuevas,F,paid
91,30,Avery,Watkins,F,paid
92,30,Avery,Watkins,F,paid
93,49,Chloe,Cuevas,F,paid
94,30,Avery,Watkins,F,paid
96,49,Chloe,Cuevas,F,paid
97,30,Avery,Watkins,F,paid
98,49,Chloe,Cuevas,F,paid
99,30,Avery,Watkins,F,paid
100,49,Chloe,Cuevas,F,paid
101,30,Avery,Watkins,F,paid
102,49,Chloe,Cuevas,F,paid
103,30,Avery,Watkins,F,paid
104,49,Chloe,Cuevas,F,paid
105,30,Avery,Watkins,F,paid
107,49,Chloe,Cuevas,F,paid
108,49,Chloe,Cuevas,F,paid
109,49,Chloe,Cuevas,F,paid
110,49,Chloe,Cuevas,F,paid
111,49,Chloe,Cuevas,F,paid
112,49,Chloe,Cuevas,F,paid
113,49,Chloe,Cuevas,F,paid
114,49,Chloe,Cuevas,F,paid
115,49,Chloe,Cuevas,F,paid
116,49,Chloe,Cuevas,F,paid
117,49,Chloe,Cuevas,F,paid
118,49,Chloe,Cuevas,F,paid
119,49,Chloe,Cuevas,F,paid
120,49,Chloe,Cuevas,F,paid
121,49,Chloe,Cuevas,F,paid
122,49,Chloe,Cuevas,F,paid
123,49,Chloe,Cuevas,F,paid
124,49,Chloe,Cuevas,F,paid
125,74,Braden,Parker,M,free
126,49,Chloe,Cuevas,F,paid
127,49,Chloe,Cuevas,F,paid
128,49,Chloe,Cuevas,F,paid
129,49,Chloe,Cuevas,F,paid
130,49,Chloe,Cuevas,F,paid
131,49,Chloe,Cuevas,F,paid
135,88,Mohammad,Rodriguez,M,paid
136,88,Mohammad,Rodriguez,M,paid
137,88,Mohammad,Rodriguez,M,paid
138,88,Mohammad,Rodriguez,M,paid
139,88,Mohammad,Rodriguez,M,paid
140,88,Mohammad,Rodriguez,M,paid
141,88,Mohammad,Rodriguez,M,paid
142,88,Mohammad,Rodriguez,M,paid
146,36,Matthew,Jones,M,paid
147,36,Matthew,Jones,M,paid
148,36,Matthew,Jones,M,paid
149,36,Matthew,Jones,M,paid
150,36,Matthew,Jones,M,paid
151,36,Matthew,Jones,M,paid
152,36,Matthew,Jones,M,paid
153,36,Matthew,Jones,M,paid
154,36,Matthew,Jones,M,paid
155,36,Matthew,Jones,M,paid
156,36,Matthew,Jones,M,paid
157,92,Ryann,Smith,F,free
158,36,Matthew,Jones,M,paid
159,92,Ryann,Smith,F,free
160,92,Ryann,Smith,F,free
161,92,Ryann,Smith,F,free
162,36,Matthew,Jones,M,paid
163,36,Matthew,Jones,M,paid
164,36,Matthew,Jones,M,paid
165,36,Matthew,Jones,M,paid
169,36,Matthew,Jones,M,paid
170,36,Matthew,Jones,M,paid
171,36,Matthew,Jones,M,paid
173,36,Matthew,Jones,M,paid
174,36,Matthew,Jones,M,paid
175,36,Matthew,Jones,M,paid
176,36,Matthew,Jones,M,paid
177,12,Austin,Rosales,M,free
179,49,Chloe,Cuevas,F,paid
180,49,Chloe,Cuevas,F,paid
181,49,Chloe,Cuevas,F,paid
182,49,Chloe,Cuevas,F,paid
183,49,Chloe,Cuevas,F,paid
185,49,Chloe,Cuevas,F,paid
186,61,Samuel,Gonzalez,M,free
187,49,Chloe,Cuevas,F,paid
189,49,Chloe,Cuevas,F,paid
190,49,Chloe,Cuevas,F,paid
191,49,Chloe,Cuevas,F,paid
192,49,Chloe,Cuevas,F,paid
193,49,Chloe,Cuevas,F,paid
194,43,Jahiem,Miles,M,free
197,49,Chloe,Cuevas,F,paid
198,49,Chloe,Cuevas,F,paid
199,49,Chloe,Cuevas,F,paid
200,49,Chloe,Cuevas,F,paid
201,49,Chloe,Cuevas,F,paid
205,85,Kinsley,Young,F,paid
206,49,Chloe,Cuevas,F,paid
207,85,Kinsley,Young,F,paid
208,49,Chloe,Cuevas,F,paid
209,49,Chloe,Cuevas,F,paid
210,85,Kinsley,Young,F,paid
211,49,Chloe,Cuevas,F,paid
212,85,Kinsley,Young,F,paid
213,50,Ava,Robinson,F,free
215,50,Ava,Robinson,F,free
216,26,Ryan,Smith,M,free
217,85,Kinsley,Young,F,paid
218,49,Chloe,Cuevas,F,paid
219,50,Ava,Robinson,F,free
220,26,Ryan,Smith,M,free
221,49,Chloe,Cuevas,F,paid
222,85,Kinsley,Young,F,paid
223,49,Chloe,Cuevas,F,paid
224,85,Kinsley,Young,F,paid
225,49,Chloe,Cuevas,F,paid
226,85,Kinsley,Young,F,paid
227,49,Chloe,Cuevas,F,paid
228,85,Kinsley,Young,F,paid
229,49,Chloe,Cuevas,F,paid
230,49,Chloe,Cuevas,F,paid
231,85,Kinsley,Young,F,paid
232,49,Chloe,Cuevas,F,paid
233,85,Kinsley,Young,F,paid
238,49,Chloe,Cuevas,F,paid
239,101,Jayden,Fox,M,free
240,85,Kinsley,Young,F,paid
241,101,Jayden,Fox,M,free
242,49,Chloe,Cuevas,F,paid
243,16,Rylan,George,M,paid
244,85,Kinsley,Young,F,paid
245,49,Chloe,Cuevas,F,paid
246,101,Jayden,Fox,M,free
247,101,Jayden,Fox,M,free
248,16,Rylan,George,M,paid
249,85,Kinsley,Young,F,paid
250,101,Jayden,Fox,M,free
251,16,Rylan,George,M,paid
252,101,Jayden,Fox,M,free
253,85,Kinsley,Young,F,paid
254,16,Rylan,George,M,paid
255,85,Kinsley,Young,F,paid
257,85,Kinsley,Young,F,paid
260,88,Mohammad,Rodriguez,M,paid
261,16,Rylan,George,M,paid
262,85,Kinsley,Young,F,paid
263,16,Rylan,George,M,paid
264,88,Mohammad,Rodriguez,M,paid
265,85,Kinsley,Young,F,paid
266,16,Rylan,George,M,paid
267,88,Mohammad,Rodriguez,M,paid
268,85,Kinsley,Young,F,paid
269,16,Rylan,George,M,paid
270,36,Matthew,Jones,M,paid
271,88,Mohammad,Rodriguez,M,paid
272,85,Kinsley,Young,F,paid
273,16,Rylan,George,M,paid
274,36,Matthew,Jones,M,paid
275,85,Kinsley,Young,F,paid
276,16,Rylan,George,M,paid
277,85,Kinsley,Young,F,paid
278,36,Matthew,Jones,M,paid
280,16,Rylan,George,M,paid
281,85,Kinsley,Young,F,paid
282,36,Matthew,Jones,M,paid
284,16,Rylan,George,M,paid
285,85,Kinsley,Young,F,paid
286,16,Rylan,George,M,paid
287,85,Kinsley,Young,F,paid
288,85,Kinsley,Young,F,paid
289,16,Rylan,George,M,paid
290,16,Rylan,George,M,paid
291,16,Rylan,George,M,paid
292,49,Chloe,Cuevas,F,paid
293,16,Rylan,George,M,paid
294,49,Chloe,Cuevas,F,paid
295,16,Rylan,George,M,paid
296,49,Chloe,Cuevas,F,paid
297,16,Rylan,George,M,paid
298,49,Chloe,Cuevas,F,paid
299,49,Chloe,Cuevas,F,paid
300,16,Rylan,George,M,paid
301,49,Chloe,Cuevas,F,paid
302,16,Rylan,George,M,paid
303,49,Chloe,Cuevas,F,paid
304,16,Rylan,George,M,paid
305,49,Chloe,Cuevas,F,paid
306,78,Chloe,Roth,F,free
307,16,Rylan,George,M,paid
308,78,Chloe,Roth,F,free
309,49,Chloe,Cuevas,F,paid
311,16,Rylan,George,M,paid
312,49,Chloe,Cuevas,F,paid
313,16,Rylan,George,M,paid
315,16,Rylan,George,M,paid
317,33,Bronson,Harris,M,free
318,16,Rylan,George,M,paid
319,33,Bronson,Harris,M,free
322,16,Rylan,George,M,paid
325,33,Bronson,Harris,M,free
327,16,Rylan,George,M,paid
329,16,Rylan,George,M,paid
330,16,Rylan,George,M,paid
331,16,Rylan,George,M,paid
333,16,Rylan,George,M,paid
334,16,Rylan,George,M,paid
335,16,Rylan,George,M,paid
336,16,Rylan,George,M,paid
338,49,Chloe,Cuevas,F,paid
339,49,Chloe,Cuevas,F,paid
340,16,Rylan,George,M,paid
341,49,Chloe,Cuevas,F,paid
342,16,Rylan,George,M,paid
343,49,Chloe,Cuevas,F,paid
344,49,Chloe,Cuevas,F,paid
345,16,Rylan,George,M,paid
346,49,Chloe,Cuevas,F,paid
347,16,Rylan,George,M,paid
348,49,Chloe,Cuevas,F,paid
349,49,Chloe,Cuevas,F,paid
350,16,Rylan,George,M,paid
351,16,Rylan,George,M,paid
352,49,Chloe,Cuevas,F,paid
353,49,Chloe,Cuevas,F,paid
354,16,Rylan,George,M,paid
355,49,Chloe,Cuevas,F,paid
356,16,Rylan,George,M,paid
357,16,Rylan,George,M,paid
358,49,Chloe,Cuevas,F,paid
359,16,Rylan,George,M,paid
360,49,Chloe,Cuevas,F,paid
361,49,Chloe,Cuevas,F,paid
362,16,Rylan,George,M,paid
363,49,Chloe,Cuevas,F,paid
364,16,Rylan,George,M,paid
365,49,Chloe,Cuevas,F,paid
366,16,Rylan,George,M,paid
367,91,Jayden,Bell,M,free
368,16,Rylan,George,M,paid
369,49,Chloe,Cuevas,F,paid
370,91,Jayden,Bell,M,free
371,16,Rylan,George,M,paid
372,49,Chloe,Cuevas,F,paid
373,16,Rylan,George,M,paid
374,49,Chloe,Cuevas,F,paid
375,16,Rylan,George,M,paid
376,16,Rylan,George,M,paid
377,49,Chloe,Cuevas,F,paid
378,16,Rylan,George,M,paid
380,49,Chloe,Cuevas,F,paid
381,49,Chloe,Cuevas,F,paid
382,16,Rylan,George,M,paid
383,16,Rylan,George,M,paid
384,16,Rylan,George,M,paid
385,16,Rylan,George,M,paid
387,5,Elijah,Davis,M,free
